{
    "V": 13.092979127134724, 
    "G": 11.954459203036052,
    "L": 9.108159392789373,
    "Z": 8.349146110056926,
    "I": 7.400379506641366,
    "H": 6.83111954459203,
    "S": 6.451612903225806,
    "M": 6.451612903225806,
    "O": 5.1233396584440225,
    "W": 4.364326375711575,
    "R": 3.984819734345351,
    "U": 2.6565464895635675,
    "N": 2.4667931688804554,
    "F": 2.0872865275142316,
    "K": 1.8975332068311195,
    "D": 1.7077798861480076,
    "Y": 1.5180265654648957,
    "X": 1.3282732447817838,
    "B": 0.9487666034155597,
    "T": 0.7590132827324478,
    "P": 0.5692599620493358,
    "E": 0.5692599620493358,
    "C": 0.18975332068311196,
    "Q": 0.18975332068311196
}